PDB Name,cryptic pocket flag True,cryptic pocket flag predict,pred proba 0,pred proba 1,f1 score
1B6BA,1,0,0.6588126456554204,0.341187346893999,46.15384615384615
1B6BA,1,0,0.5800506634192618,0.41994933658073824,46.15384615384615
1B6BA,1,0,0.6198504441100576,0.3801495484393617,46.15384615384615
1B6BA,0,0,0.7026255959529786,0.2973744040470215,46.15384615384615
1B6BA,0,0,0.7129787030159754,0.28702129698402434,46.15384615384615
1B6BA,0,0,0.7138824005841186,0.2861175994158814,46.15384615384615
1BNCB,1,0,0.6074250385089117,0.39257496149108817,46.15384615384615
1BNCB,0,0,0.5268261475764348,0.47317385242356524,46.15384615384615
1BSQA,1,1,0.42697480966867474,0.5730251903313253,46.15384615384615
1BSQA,0,0,0.6768528286524209,0.32314716389699855,46.15384615384615
1E2XA,1,1,0.49856250774864963,0.5014374997019309,46.15384615384615
1E2XA,0,0,0.58420749502584,0.4157925124247406,46.15384615384615
1JBUH,1,0,0.7699663235950786,0.2300336838555021,46.15384615384615
1JBUH,0,0,0.6821135632373327,0.31788643676266726,46.15384615384615
1JWPA,1,0,0.6684482955262006,0.33155170447379934,46.15384615384615
1JWPA,0,0,0.6445106764013648,0.3554893310492158,46.15384615384615
1KZ7D,1,0,0.5319208817262641,0.4680791182737359,46.15384615384615
1KZ7D,1,0,0.5859294786386914,0.4140705213613086,46.15384615384615
1KZ7D,0,0,0.6883760517018759,0.3116239557487047,46.15384615384615
1KZ7D,0,0,0.6826959163779708,0.3173040836220292,46.15384615384615
1MY0B,1,1,0.469394204726459,0.530605795273541,46.15384615384615
1MY0B,0,0,0.7018011138317658,0.2981988712670729,46.15384615384615
1Z92A,1,0,0.666374979565897,0.33362502043410297,46.15384615384615
1Z92A,0,0,0.6184410899568085,0.38155890259261094,46.15384615384615
1ZAHB,1,0,0.6320413650886181,0.36795862746080127,46.15384615384615
1ZAHB,0,1,0.44337349882974664,0.5566265011702533,46.15384615384615
3FDLA,1,0,0.686247501109491,0.31375249889050916,46.15384615384615
3FDLA,1,1,0.3857838768627533,0.6142161231372467,46.15384615384615
3FDLA,1,1,0.46797333995789103,0.532026660042109,46.15384615384615
3FDLA,0,0,0.6327898923414169,0.3672101002080024,46.15384615384615
3FDLA,0,0,0.5284032538292713,0.4715967461707288,46.15384615384615
3FDLA,0,1,0.4656687562754057,0.5343312437245942,46.15384615384615
3GXDB,1,1,0.4308664644414543,0.5691335355585456,46.15384615384615
3GXDB,0,0,0.5271944473540108,0.4728055526459892,46.15384615384615
4HB2C,1,0,0.6140743498428703,0.38592565015712965,46.15384615384615
4HB2C,0,0,0.5113431823337447,0.4886568176662553,46.15384615384615
