PDB Name,cryptic pocket flag True,cryptic pocket flag predict,score
1gzfc,1,1,88.51224105461394
2ofpa,1,1,88.51224105461394
3hl8a,1,1,88.51224105461394
3hl8a,1,1,88.51224105461394
2eghb,1,1,88.51224105461394
1yv3a,1,1,88.51224105461394
1imbb,1,1,88.51224105461394
3hl8a,1,1,88.51224105461394
2piqa,1,1,88.51224105461394
3ltha,1,1,88.51224105461394
1d6yb,1,1,88.51224105461394
1ha3b,1,1,88.51224105461394
3bl7a,1,1,88.51224105461394
2yqsa,1,0,88.51224105461394
1q0bb,1,1,88.51224105461394
3hokb,1,1,88.51224105461394
1okeb,1,1,88.51224105461394
3hl7a,1,0,88.51224105461394
2v57a,1,1,88.51224105461394
1ha3b,1,1,88.51224105461394
2gz7a,1,1,88.51224105461394
2al4f,1,1,88.51224105461394
1ghyh,1,1,88.51224105461394
1ow3b,1,1,88.51224105461394
1ey3f,1,1,88.51224105461394
1afqc,1,1,88.51224105461394
1eyjb,1,1,88.51224105461394
2eghb,1,0,88.51224105461394
2h4ka,1,1,88.51224105461394
1nx3a,1,0,88.51224105461394
2hu5,0,0,88.51224105461394
2qun,0,1,88.51224105461394
1wpg,0,0,88.51224105461394
1o6i,0,0,88.51224105461394
1tku,0,0,88.51224105461394
2c04,0,0,88.51224105461394
1jnq,0,0,88.51224105461394
1uzv,0,0,88.51224105461394
2aio,0,0,88.51224105461394
1gad,0,0,88.51224105461394
1ynd,0,0,88.51224105461394
1v8m,0,0,88.51224105461394
2e3n,0,0,88.51224105461394
1wpg,0,0,88.51224105461394
2cfg,0,0,88.51224105461394
1xmv,0,0,88.51224105461394
1ivd,0,0,88.51224105461394
1pq7,0,0,88.51224105461394
1pb1,0,0,88.51224105461394
2e4g,0,1,88.51224105461394
1k3y,0,0,88.51224105461394
1pb1,0,0,88.51224105461394
1did,0,0,88.51224105461394
2hu5,0,0,88.51224105461394
1n20,0,0,88.51224105461394
1yfw,0,1,88.51224105461394
1djx,0,0,88.51224105461394
2a84,0,0,88.51224105461394
1qci,0,0,88.51224105461394
2anz,0,0,88.51224105461394
2bzz,0,0,88.51224105461394
