{

    "rf": {
        "max_depth": 6, 
        "min_samples_leaf": 3, 
        "max_features": 19
    },
    "xgb" :{
        "max_depth": 3, 
        "learning_rate": 0.012358988818994734, 
        "subsample": 0.12264519041663569, 
        "gamma": 0.29696885408243673, 
        "n_estimators": 6161
        },
    "lgbm":{
        "max_depth": 3, 
        "num_leaves": 42, 
        "learning_rate": 0.029046530440005318, 
        "n_estimators": 2593, 
        "colsample_bytree": 0.4932585274242707   
    }, 
    "svm":{
        "C": 6.042284497873208, 
        "gamma": 0.035141549149589654, 
        "kernel": "rbf"    
    }
}