PDB Name,cryptic pocket flag True,cryptic pocket flag predict,score
2AKAA,1,1,74.42455242966753
3MN9A,1,1,74.42455242966753
4AKEB,1,0,74.42455242966753
1HOOB,1,1,74.42455242966753
1ALVA,1,1,74.42455242966753
1EXMA,1,0,74.42455242966753
3MN9A,1,0,74.42455242966753
1FA9A,1,1,74.42455242966753
2AX9A,1,1,74.42455242966753
2ZB1A,0,0,74.42455242966753
2YQCA,0,0,74.42455242966753
2BRKA,0,0,74.42455242966753
1ADEA,0,0,74.42455242966753
3HQDA,0,0,74.42455242966753
1KS9A,0,0,74.42455242966753
3CJ0A,0,0,74.42455242966753
1PZTA,0,1,74.42455242966753
1A8IA,0,1,74.42455242966753
1NEPA,0,0,74.42455242966753
1EXMA,0,0,74.42455242966753
